pellentesque a, facilisis;dictum ultricies ligula. Nullam enim. Sed nulla ante, iaculis nec,;2021-02-21 09:02:13;ABOUCHARD;PUB;AGRO;AGR|PECH
Ut;vitae nibh. Donec est mauris, rhoncus id, mollis nec, cursus;2021-02-18 03:02:46;ABOUCHARD;PUB;AGRO;PECH|ELEV
mattis semper, dui;lobortis augue scelerisque mollis. Phasellus libero mauris, aliquam eu, accumsan;2021-01-11 06:01:35;ABOUCHARD;PUB;EVEN;DECO
vel nisl. Quisque;quam dignissim pharetra. Nam ac nulla. In tincidunt congue turpis.;2021-01-04 09:01:23;ABOUCHARD;PUB;AGRO;PECH|ELEV
ligula eu enim.;Proin velit. Sed malesuada augue ut lacus. Nulla tincidunt, neque;2021-01-18 11:01:27;SKARI;PUB;AGRO;AGR|PECH
dictum;Donec egestas. Duis ac arcu. Nunc mauris. Morbi non sapien;2021-01-02 08:01:44;SKARI;PUB;AGRO;PECH|ELEV
ut eros;rutrum eu, ultrices sit amet, risus. Donec nibh enim, gravida;2021-01-10 02:01:31;SKARI;PUB;EVEN;DECO
elit sed consequat;diam lorem, auctor quis, tristique ac, eleifend vitae, erat. Vivamus;2021-01-13 04:01:39;31663;PUB;AGRO;AGR|PECH
ridiculus mus.;risus odio, auctor vitae, aliquet nec, imperdiet nec, leo. Morbi;2021-01-04 10:01:00;31663;PUB;AGRO;PECH|ELEV
aliquet diam.;Proin velit. Sed malesuada augue ut lacus. Nulla tincidunt, neque;2021-02-06 01:02:40;31663;PUB;EVEN;DECO
velit dui, semper;litora torquent per conubia nostra, per inceptos hymenaeos. Mauris ut;2021-02-14 05:02:59;52507;PUB;AGRO;AGR|PECH
non, hendrerit id,;lorem ac risus. Morbi metus. Vivamus euismod urna. Nullam lobortis;2021-02-23 03:02:26;52507;PUB;AGRO;PECH|ELEV
vel, faucibus id,;augue eu tellus. Phasellus elit pede, malesuada vel, venenatis vel,;2021-02-16 06:02:15;52507;PUB;EVEN;DECO
ridiculus;ultrices iaculis odio. Nam interdum enim non nisi. Aenean eget;2021-02-27 06:02:35;29286;PUB;AGRO;AGR|PECH
vel,;vel nisl. Quisque fringilla euismod enim. Etiam gravida molestie arcu.;2021-03-01 11:03:53;29286;PUB;AGRO;PECH|ELEV
Nam ligula;sodales elit erat vitae risus. Duis a mi fringilla mi;2021-01-15 11:01:45;29286;PUB;EVEN;DECO
erat;neque sed sem egestas blandit. Nam nulla magna, malesuada vel,;2021-01-19 01:01:52;12097;PUB;AGRO;AGR|PECH
non magna. Nam;molestie dapibus ligula. Aliquam erat volutpat. Nulla dignissim. Maecenas ornare;2021-02-23 06:02:59;12097;PUB;AGRO;PECH|ELEV
semper pretium;interdum. Nunc sollicitudin commodo ipsum. Suspendisse non leo. Vivamus nibh;2021-01-03 05:01:46;12097;PUB;EVEN;DECO
conubia nostra,;In mi pede, nonummy ut, molestie in, tempus eu, ligula.;2021-02-06 05:02:14;07601;PUB;AGRO;AGR|PECH
dictum placerat,;euismod urna. Nullam lobortis quam a felis ullamcorper viverra. Maecenas;2021-02-17 03:02:31;07601;PUB;AGRO;PECH|ELEV
Aenean eget metus.;blandit congue. In scelerisque scelerisque dui. Suspendisse ac metus vitae;2021-02-01 09:02:48;07601;PUB;EVEN;DECO
turpis. Aliquam adipiscing;placerat velit. Quisque varius. Nam porttitor scelerisque neque. Nullam nisl.;2021-02-01 10:02:35;33275;PUB;EVEN;DECO
conubia;auctor quis, tristique ac, eleifend vitae, erat. Vivamus nisi. Mauris;2021-01-05 12:01:41;33275;PUB;AGRO;PECH|ELEV
fermentum vel, mauris.;Suspendisse ac metus vitae velit egestas lacinia. Sed congue, elit;2021-01-28 02:01:26;33275;PUB;EVEN;
Aliquam rutrum lorem;orci lacus vestibulum lorem, sit amet ultricies sem magna nec;2021-02-13 06:02:07;83053;PUB;AGRO;AGR|PECH
sodales at,;"et ultrices posuere cubilia Curae, Donec tincidunt. Donec vitae erat";2021-01-06 04:01:18;83053;PUB;AGRO;PECH|ELEV
vitae odio;enim mi tempor lorem, eget mollis lectus pede et risus.;2021-01-24 06:01:21;83053;PUB;EVEN;DECO
Vivamus sit;aliquet magna a neque. Nullam ut nisi a odio semper;2021-01-12 05:01:22;51925;PUB;AGRO;AGR|PECH
at augue id;egestas nunc sed libero. Proin sed turpis nec mauris blandit;2021-01-20 09:01:26;51925;PUB;AGRO;PECH|ELEV
tempor lorem, eget;amet metus. Aliquam erat volutpat. Nulla facilisis. Suspendisse commodo tincidunt;2021-01-11 03:01:47;51925;PUB;EVEN;DECO
lorem semper;Duis risus odio, auctor vitae, aliquet nec, imperdiet nec, leo.;2021-01-29 11:01:51;86811;PUB;AGRO;AGR|PECH
pede sagittis;nisl. Nulla eu neque pellentesque massa lobortis ultrices. Vivamus rhoncus.;2021-01-27 01:01:12;86811;PUB;AGRO;PECH|ELEV
aliquet.;risus. Donec nibh enim, gravida sit amet, dapibus id, blandit;2021-01-23 04:01:58;86811;PUB;EVEN;DECO
montes,;malesuada vel, venenatis vel, faucibus id, libero. Donec consectetuer mauris;2021-01-02 05:01:37;SKARI;PUB;AGRO;AGR|PECH
ante;Integer mollis. Integer tincidunt aliquam arcu. Aliquam ultrices iaculis odio.;2021-01-18 07:01:35;SKARI;PUB;AGRO;AGR|PECH
Duis at;tempus eu, ligula. Aenean euismod mauris eu elit. Nulla facilisi.;2021-01-07 12:01:43;SKARI;EXP;AGRO;PECH|ELEV
urna. Vivamus;facilisis lorem tristique aliquet. Phasellus fermentum convallis ligula. Donec luctus;2021-01-12 10:01:24;SKARI;PUB;EVEN;
egestas.;magna. Cras convallis convallis dolor. Quisque tincidunt pede ac urna.;2021-02-10 04:02:25;SKARI;PUB;EVEN;DECO
quis,;euismod et, commodo at, libero. Morbi accumsan laoreet ipsum. Curabitur;2021-01-02 07:01:21;SKARI;PUB;AGRO;AGR|PECH
cursus. Nunc;dolor egestas rhoncus. Proin nisl sem, consequat nec, mollis vitae,;2021-01-11 12:01:35;ABOUCHARD;PUB;AGRO;AGR|PECH
ipsum cursus;hendrerit neque. In ornare sagittis felis. Donec tempor, est ac;2021-02-16 09:02:00;ABOUCHARD;PUB;AGRO;PECH|ELEV
nulla;sit amet ornare lectus justo eu arcu. Morbi sit amet;2021-02-05 12:02:19;ABOUCHARD;PUB;EVEN;DECO
neque. Nullam ut;sit amet ante. Vivamus non lorem vitae odio sagittis semper.;2021-02-24 05:02:32;ABOUCHARD;EXP;EVEN;DECO
egestas ligula. Nullam;nonummy ultricies ornare, elit elit fermentum risus, at fringilla purus;2021-01-04 10:01:59;ABOUCHARD;PUB;AGRO;AGR|PECH
tincidunt congue turpis.;diam. Pellentesque habitant morbi tristique senectus et netus et malesuada;2021-01-14 06:01:57;ABOUCHARD;PUB;AGRO;AGR|PECH
metus.;vestibulum lorem, sit amet ultricies sem magna nec quam. Curabitur;2021-02-16 10:02:31;ABOUCHARD;PUB;AGRO;PECH|ELEV
augue;Aliquam erat volutpat. Nulla dignissim. Maecenas ornare egestas ligula. Nullam;2021-02-13 10:02:43;ABOUCHARD;EXP;EVEN;DECO
et magnis;ac orci. Ut semper pretium neque. Morbi quis urna. Nunc;2021-02-01 05:02:14;ABOUCHARD;EXP;EVEN;DECO
