2020-10-19 07:21:03;2021-04-17 19:09:28;Velit Inc.;PRE
2020-03-31 09:33:31;2021-03-17 23:43:17;Nascetur LLP;PRO
2020-07-12 02:31:35;2021-02-12 16:29:20;Nascetur Ridiculus Mus LLP;PRO
2020-07-11 00:40:54;2021-01-05 21:45:26;Gravida Mauris Ut Foundation;PRO
2020-03-07 08:22:23;2021-06-08 09:07:45;Nascetur Ridiculus Mus LLP;PRE
2020-05-11 07:33:51;2021-08-12 04:34:19;Velit Inc.;PRE
2020-01-16 23:37:13;2021-12-28 00:03:14;Gravida Mauris Ut Foundation;PRO
2020-12-29 04:40:56;2021-08-25 12:36:25;Velit Inc.;PRO
2020-08-19 07:21:27;2021-08-03 02:19:00;Gravida Mauris Ut Foundation;PRO
2020-04-07 06:54:41;2021-09-02 02:57:59;Nascetur Ridiculus Mus LLP;PRO
2020-05-31 00:20:50;2021-02-26 11:43:24;Velit Inc.;PRO
2020-07-11 23:49:16;2021-04-03 13:40:40;Gravida Mauris Ut Foundation;PRO
2020-03-23 15:11:09;2021-10-05 11:03:34;Velit Inc.;PRE
2020-02-12 20:21:44;2021-01-22 03:45:24;Nascetur Ridiculus Mus LLP;PRE
2020-02-12 21:47:08;2021-03-18 12:54:54;Nascetur Ridiculus Mus LLP;PRO
